test,layer,n,keras_vs_hls_mean,keras_vs_rtl_mean,hls_vs_rtl_mean
populated0,conv0,12684,0.00022173604541154211,0.0008413651056449069,0.0006196290602333649
populated0,pool0,726,0.0003013085399449036,0.001528064738292011,0.0012267561983471075
populated0,conv1,648,0.030237268518518517,0.013551311728395061,0.0390625
populated0,pool1,128,0.0596923828125,0.0272216796875,0.08349609375
populated0,conv2,40,0.08984375,0.02578125,0.115625
populated0,pool2,10,0.10625,0.034375,0.140625
populated0,dense0,15,0.2734375,0.11783854166666667,0.35625
populated0,relu0,15,0.08333333333333333,0.03333333333333333,0.11666666666666667
populated0,dense1,10,0.20966796875,0.11513671875,0.271875
populated0,relu1,10,0.0828125,0.0046875,0.08125
populated0,final,5,0.0955078125,0.0498046875,0.09375
populated1,conv0,12684,0.00020202617470829393,0.0007773080258593504,0.0005752818511510564
populated1,pool0,726,0.0005165289256198347,0.0015926308539944904,0.0010761019283746557
populated1,conv1,648,0.027633101851851853,0.012393904320987654,0.03428819444444445
populated1,pool1,128,0.0538330078125,0.0240478515625,0.070556640625
populated1,conv2,40,0.0828125,0.03046875,0.11328125
populated1,pool2,10,0.08125,0.05,0.13125
populated1,dense0,15,0.26979166666666665,0.1796875,0.4479166666666667
populated1,relu0,15,0.08229166666666667,0.046875,0.12708333333333333
populated1,dense1,10,0.155859375,0.14033203125,0.29375
populated1,relu1,10,0.053125,0.015625,0.06875
populated1,final,5,0.1017578125,0.018359375,0.11875
populated2,conv0,12684,0.00023898218227688426,0.0009583924629454431,0.0007194102806685588
populated2,pool0,726,0.0004734848484848485,0.0017432851239669422,0.0012698002754820937
populated2,conv1,648,0.031081211419753087,0.01232156635802469,0.037856867283950615
populated2,pool1,128,0.0626220703125,0.0264892578125,0.082763671875
populated2,conv2,40,0.09375,0.03125,0.125
populated2,pool2,10,0.084375,0.040625,0.125
populated2,dense0,15,0.247265625,0.12903645833333333,0.36666666666666664
populated2,relu0,15,0.07708333333333334,0.0375,0.11458333333333333
populated2,dense1,10,0.1693359375,0.11513671875,0.259375
populated2,relu1,10,0.059375,0.025,0.078125
populated2,final,5,0.09248046875,0.04208984375,0.09375
populated3,conv0,12684,0.00040774795017344684,0.001602658861557868,0.0011949109113844213
populated3,pool0,726,0.0007317493112947659,0.0027117768595041323,0.0019800275482093664
populated3,conv1,648,0.04586226851851852,0.017554012345679014,0.05777391975308642
populated3,pool1,128,0.087646484375,0.034912109375,0.11669921875
populated3,conv2,40,0.116796875,0.049609375,0.16640625
populated3,pool2,10,0.1078125,0.0640625,0.171875
populated3,dense0,15,0.4329427083333333,0.250390625,0.6833333333333333
populated3,relu0,15,0.128125,0.06770833333333333,0.19583333333333333
populated3,dense1,10,0.26259765625,0.1908203125,0.434375
populated3,relu1,10,0.0890625,0.0234375,0.1
populated3,final,5,0.14052734375,0.02705078125,0.1625
populated4,conv0,12684,0.0001983305739514349,0.0007957860296436455,0.0005974554556922106
populated4,pool0,726,0.0002797865013774105,0.001506542699724518,0.0012267561983471075
populated4,conv1,648,0.02879050925925926,0.012586805555555556,0.03616898148148148
populated4,pool1,128,0.0584716796875,0.0267333984375,0.078125
populated4,conv2,40,0.076953125,0.025390625,0.1015625
populated4,pool2,10,0.053125,0.025,0.075
populated4,dense0,15,0.23111979166666666,0.1146484375,0.33541666666666664
populated4,relu0,15,0.059375,0.023958333333333335,0.07708333333333334
populated4,dense1,10,0.1326171875,0.094140625,0.2
populated4,relu1,10,0.05,0.00625,0.04375
populated4,final,5,0.086328125,0.026171875,0.075
populated5,conv0,12684,0.0002845612582781457,0.001165346105329549,0.0008807848470514033
populated5,pool0,726,0.00038739669421487604,0.001893939393939394,0.001506542699724518
populated5,conv1,648,0.03698881172839506,0.014998070987654322,0.046489197530864196
populated5,pool1,128,0.0712890625,0.030517578125,0.095458984375
populated5,conv2,40,0.08203125,0.034375,0.11640625
populated5,pool2,10,0.071875,0.05,0.121875
populated5,dense0,15,0.32734375,0.2015625,0.5229166666666667
populated5,relu0,15,0.0875,0.052083333333333336,0.13958333333333334
populated5,dense1,10,0.2048828125,0.139453125,0.321875
populated5,relu1,10,0.0734375,0.0140625,0.078125
populated5,final,5,0.11005859375,0.02998046875,0.11875
populated6,conv0,12684,0.0002833293913591927,0.0011049846263008515,0.0008216552349416588
populated6,pool0,726,0.00043044077134986227,0.0018508953168044078,0.0014204545454545455
populated6,conv1,648,0.03397472993827161,0.014250578703703705,0.04301697530864197
populated6,pool1,128,0.0694580078125,0.0318603515625,0.09716796875
populated6,conv2,40,0.101171875,0.036328125,0.1375
populated6,pool2,10,0.1078125,0.0546875,0.1625
populated6,dense0,15,0.2957682291666667,0.14798177083333333,0.44375
populated6,relu0,15,0.09583333333333334,0.06041666666666667,0.15625
populated6,dense1,10,0.214111328125,0.132080078125,0.315625
populated6,relu1,10,0.0796875,0.0234375,0.096875
populated6,final,5,0.10810546875,0.04306640625,0.1125
populated7,conv0,12684,0.00039542928098391673,0.0015361380479344056,0.0011407087669504888
populated7,pool0,726,0.0006671831955922865,0.002518078512396694,0.0018508953168044078
populated7,conv1,648,0.04460841049382716,0.017746913580246913,0.05642361111111111
populated7,pool1,128,0.0845947265625,0.0382080078125,0.114013671875
populated7,conv2,40,0.128125,0.03671875,0.16484375
populated7,pool2,10,0.1453125,0.0578125,0.203125
populated7,dense0,15,0.40358072916666665,0.2025390625,0.5895833333333333
populated7,relu0,15,0.13645833333333332,0.078125,0.21458333333333332
populated7,dense1,10,0.287939453125,0.147412109375,0.403125
populated7,relu1,10,0.10625,0.01875,0.125
populated7,final,5,0.1345703125,0.0482421875,0.14375
populated8,conv0,12684,0.00013180976032797225,0.00048042809839167456,0.0003486183380637023
populated8,pool0,726,0.00021522038567493114,0.0010761019283746557,0.0008608815426997245
populated8,conv1,648,0.02073688271604938,0.00935570987654321,0.02459490740740741
populated8,pool1,128,0.0440673828125,0.0198974609375,0.058349609375
populated8,conv2,40,0.059375,0.0203125,0.0796875
populated8,pool2,10,0.046875,0.034375,0.08125
populated8,dense0,15,0.12890625,0.08216145833333334,0.20416666666666666
populated8,relu0,15,0.03333333333333333,0.029166666666666667,0.058333333333333334
populated8,dense1,10,0.085400390625,0.080908203125,0.15
populated8,relu1,10,0.0265625,0.0265625,0.053125
populated8,final,5,0.05078125,0.0212890625,0.0625
populated9,conv0,12684,0.0003486183380637023,0.0013328800063071586,0.0009842616682434564
populated9,pool0,726,0.0005380509641873278,0.0021737258953168043,0.0016356749311294766
populated9,conv1,648,0.039954668209876545,0.015986689814814815,0.04996141975308642
populated9,pool1,128,0.0748291015625,0.0323486328125,0.09912109375
populated9,conv2,40,0.087109375,0.031640625,0.11875
populated9,pool2,10,0.090625,0.05625,0.146875
populated9,dense0,15,0.37604166666666666,0.21614583333333334,0.5916666666666667
populated9,relu0,15,0.109375,0.057291666666666664,0.16666666666666666
populated9,dense1,10,0.23740234375,0.1568359375,0.384375
populated9,relu1,10,0.084375,0.01875,0.09375
populated9,final,5,0.128515625,0.02421875,0.1375
populated10,conv0,12684,0.0003276766004415011,0.0012823734626300851,0.0009546968621885841
populated10,pool0,726,0.00043044077134986227,0.0019800275482093664,0.0015495867768595042
populated10,conv1,648,0.03850790895061729,0.015745563271604937,0.048659336419753084
populated10,pool1,128,0.07470703125,0.03466796875,0.100830078125
populated10,conv2,40,0.10859375,0.0390625,0.14765625
populated10,pool2,10,0.109375,0.053125,0.1625
populated10,dense0,15,0.3203125,0.17552083333333332,0.4875
populated10,relu0,15,0.10208333333333333,0.058333333333333334,0.16041666666666668
populated10,dense1,10,0.22158203125,0.13837890625,0.31875
populated10,relu1,10,0.078125,0.025,0.1
populated10,final,5,0.11015625,0.05234375,0.1125
populated11,conv0,12684,0.00024637338379060236,0.0009842616682434564,0.000737888284452854
populated11,pool0,726,0.00043044077134986227,0.001700241046831956,0.0012698002754820937
populated11,conv1,648,0.032624421296296294,0.014009452160493827,0.04113618827160494
populated11,pool1,128,0.0631103515625,0.0286865234375,0.084716796875
populated11,conv2,40,0.093359375,0.043359375,0.13671875
populated11,pool2,10,0.0921875,0.0546875,0.146875
populated11,dense0,15,0.330078125,0.2,0.5270833333333333
populated11,relu0,15,0.1,0.05416666666666667,0.15416666666666667
populated11,dense1,10,0.189892578125,0.152197265625,0.334375
populated11,relu1,10,0.0640625,0.0109375,0.075
populated11,final,5,0.11513671875,0.01611328125,0.13125
populated12,conv0,12684,0.0003707919426048565,0.0014338930936613056,0.0010631011510564491
populated12,pool0,726,0.0005380509641873278,0.002302858126721763,0.0017648071625344353
populated12,conv1,648,0.04226948302469136,0.01637249228395062,0.05343364197530864
populated12,pool1,128,0.0814208984375,0.0328369140625,0.107421875
populated12,conv2,40,0.117578125,0.043359375,0.1609375
populated12,pool2,10,0.103125,0.053125,0.15625
populated12,dense0,15,0.34837239583333335,0.19283854166666667,0.5333333333333333
populated12,relu0,15,0.10416666666666667,0.05625,0.16041666666666668
populated12,dense1,10,0.219775390625,0.147314453125,0.3125
populated12,relu1,10,0.0765625,0.0234375,0.078125
populated12,final,5,0.114453125,0.0533203125,0.1
populated13,conv0,12684,0.0003091985966572059,0.0012417218543046358,0.0009325232576474299
populated13,pool0,726,0.0004519628099173554,0.0019369834710743802,0.0014850206611570248
populated13,conv1,648,0.03698881172839506,0.015914351851851853,0.04677854938271605
populated13,pool1,128,0.07275390625,0.031982421875,0.098388671875
populated13,conv2,40,0.0921875,0.0375,0.1296875
populated13,pool2,10,0.09375,0.05625,0.15
populated13,dense0,15,0.3606770833333333,0.21223958333333334,0.5729166666666666
populated13,relu0,15,0.10520833333333333,0.059375,0.16458333333333333
populated13,dense1,10,0.209423828125,0.145361328125,0.35
populated13,relu1,10,0.071875,0.015625,0.0875
populated13,final,5,0.12060546875,0.02080078125,0.1375
populated14,conv0,12684,0.00017246136865342165,0.0006664400031535793,0.0004939786345001577
populated14,pool0,726,0.0003443526170798898,0.001334366391184573,0.0009900137741046832
populated14,conv1,648,0.025028935185185185,0.011525848765432098,0.030719521604938273
populated14,pool1,128,0.049560546875,0.02197265625,0.064453125
populated14,conv2,40,0.08671875,0.0171875,0.10390625
populated14,pool2,10,0.0890625,0.0265625,0.115625
populated14,dense0,15,0.23092447916666667,0.0869140625,0.28958333333333336
populated14,relu0,15,0.0625,0.020833333333333332,0.08333333333333333
populated14,dense1,10,0.175830078125,0.079345703125,0.190625
populated14,relu1,10,0.06875,0.0125,0.065625
populated14,final,5,0.08291015625,0.01923828125,0.075
